,Problem,Algorithm,Length,Fitness,Time,State,Curve
0,TravellingSales,RHC,10,417.3435602588173,0.0071853999979794025,[7 2 5 3 6 1 0 8 4 9],"[[373.18409485   2.        ]
 [373.18409485   3.        ]
 [373.18409485   4.        ]
 [393.90239853   6.        ]
 [393.90239853   7.        ]
 [393.90239853   8.        ]
 [401.67990844  10.        ]
 [401.67990844  11.        ]
 [401.67990844  12.        ]
 [401.67990844  13.        ]
 [401.67990844  14.        ]
 [401.67990844  15.        ]
 [401.67990844  16.        ]
 [408.62692896  18.        ]
 [408.62692896  19.        ]
 [408.62692896  20.        ]
 [408.62692896  21.        ]
 [408.62692896  22.        ]
 [412.67521769  24.        ]
 [412.67521769  25.        ]
 [412.67521769  26.        ]
 [412.67521769  27.        ]
 [412.67521769  28.        ]
 [412.67521769  29.        ]
 [412.67521769  30.        ]
 [412.67521769  31.        ]
 [415.59740726  33.        ]
 [415.59740726  34.        ]
 [415.59740726  35.        ]
 [415.59740726  36.        ]
 [415.59740726  37.        ]
 [415.59740726  38.        ]
 [415.59740726  39.        ]
 [417.34356026  41.        ]
 [417.34356026  42.        ]
 [417.34356026  43.        ]
 [417.34356026  44.        ]
 [417.34356026  45.        ]
 [417.34356026  46.        ]
 [417.34356026  47.        ]
 [417.34356026  48.        ]
 [417.34356026  49.        ]
 [417.34356026  50.        ]
 [417.34356026  51.        ]]"
1,TravellingSales,GENETIC,10,422.7638115506804,0.5984090999700129,[4 7 2 5 1 6 3 8 0 9],"[[ 419.5110621   402.        ]
 [ 419.5110621   603.        ]
 [ 419.5110621   804.        ]
 [ 419.5110621  1005.        ]
 [ 419.5110621  1206.        ]
 [ 422.40835011 1408.        ]
 [ 422.40835011 1609.        ]
 [ 422.40835011 1810.        ]
 [ 422.40835011 2011.        ]
 [ 422.40835011 2212.        ]
 [ 422.40835011 2413.        ]
 [ 422.40835011 2614.        ]
 [ 422.40835011 2815.        ]
 [ 422.76381155 3017.        ]
 [ 422.76381155 3218.        ]
 [ 422.76381155 3419.        ]
 [ 422.76381155 3621.        ]
 [ 422.76381155 3822.        ]
 [ 422.76381155 4023.        ]
 [ 422.76381155 4224.        ]
 [ 422.76381155 4425.        ]
 [ 422.76381155 4626.        ]
 [ 422.76381155 4827.        ]
 [ 422.76381155 5028.        ]
 [ 422.76381155 5229.        ]
 [ 422.76381155 5430.        ]
 [ 422.76381155 5631.        ]]"
2,TravellingSales,MIMIC,10,422.34671261805784,0.993104699999094,[7 2 6 1 5 3 9 0 8 4],"[[ 422.34671262  402.        ]
 [ 422.34671262  603.        ]
 [ 422.34671262  804.        ]
 [ 422.34671262 1005.        ]
 [ 422.34671262 1206.        ]
 [ 422.34671262 1407.        ]
 [ 422.34671262 1608.        ]
 [ 422.34671262 1809.        ]
 [ 422.34671262 2010.        ]
 [ 422.34671262 2211.        ]
 [ 422.34671262 2412.        ]]"
3,TravellingSales,SIMANNEAL,10,422.06337089377655,0.0033808001317083836,[7 3 6 9 4 8 0 1 5 2],"[[373.18409485   2.        ]
 [373.18409485   3.        ]
 [381.21315166   5.        ]
 [402.06021608   7.        ]
 [402.06021608   8.        ]
 [402.06021608   9.        ]
 [402.06021608  10.        ]
 [402.06021608  11.        ]
 [403.30025036  13.        ]
 [403.30025036  14.        ]
 [403.30025036  15.        ]
 [403.23289901  17.        ]
 [403.23289901  18.        ]
 [403.23289901  19.        ]
 [403.23289901  20.        ]
 [403.23289901  21.        ]
 [403.23289901  22.        ]
 [403.23289901  23.        ]
 [403.23289901  24.        ]
 [403.23289901  25.        ]
 [403.30025036  27.        ]
 [403.30025036  28.        ]
 [403.33277343  30.        ]
 [403.33277343  31.        ]
 [403.33277343  32.        ]
 [403.33277343  33.        ]
 [403.33277343  34.        ]
 [403.33277343  35.        ]
 [405.04799075  37.        ]
 [405.04799075  38.        ]
 [405.04799075  39.        ]
 [413.16219185  41.        ]
 [413.16219185  42.        ]
 [413.16219185  43.        ]
 [413.16219185  44.        ]
 [413.16219185  45.        ]
 [413.16219185  46.        ]
 [413.16219185  47.        ]
 [413.16219185  48.        ]
 [413.16219185  49.        ]
 [414.12902952  51.        ]
 [414.12902952  52.        ]
 [414.12902952  53.        ]
 [414.12902952  54.        ]
 [414.12902952  55.        ]
 [414.12902952  56.        ]
 [414.12902952  57.        ]
 [414.12902952  58.        ]
 [414.12902952  59.        ]
 [414.12902952  60.        ]
 [419.5110621   62.        ]
 [422.06337089  64.        ]
 [422.06337089  65.        ]
 [422.06337089  66.        ]
 [422.06337089  67.        ]
 [422.06337089  68.        ]
 [422.06337089  69.        ]
 [422.06337089  70.        ]
 [422.06337089  71.        ]
 [422.06337089  72.        ]
 [422.06337089  73.        ]
 [422.06337089  74.        ]]"
4,TravellingSales,RHC,20,1354.4877132044737,0.008807499893009663,[ 6 14  2 19  8 11 12  0  3  1 18  9  4  5  7 10 16 17 13 15],"[[1.00178175e+03 1.00000000e+00]
 [1.00178175e+03 2.00000000e+00]
 [1.00178175e+03 3.00000000e+00]
 [1.00701098e+03 5.00000000e+00]
 [1.00701098e+03 6.00000000e+00]
 [1.00701098e+03 7.00000000e+00]
 [1.04591458e+03 9.00000000e+00]
 [1.09189472e+03 1.10000000e+01]
 [1.09189472e+03 1.20000000e+01]
 [1.12791778e+03 1.40000000e+01]
 [1.12791778e+03 1.50000000e+01]
 [1.12791778e+03 1.60000000e+01]
 [1.15652705e+03 1.80000000e+01]
 [1.19902722e+03 2.00000000e+01]
 [1.19902722e+03 2.10000000e+01]
 [1.19902722e+03 2.20000000e+01]
 [1.19902722e+03 2.30000000e+01]
 [1.19902722e+03 2.40000000e+01]
 [1.21009052e+03 2.60000000e+01]
 [1.21009052e+03 2.70000000e+01]
 [1.21634103e+03 2.90000000e+01]
 [1.21634103e+03 3.00000000e+01]
 [1.21634103e+03 3.10000000e+01]
 [1.21634103e+03 3.20000000e+01]
 [1.22040387e+03 3.40000000e+01]
 [1.22040387e+03 3.50000000e+01]
 [1.22040387e+03 3.60000000e+01]
 [1.22531717e+03 3.80000000e+01]
 [1.22531717e+03 3.90000000e+01]
 [1.22531717e+03 4.00000000e+01]
 [1.22531717e+03 4.10000000e+01]
 [1.22531717e+03 4.20000000e+01]
 [1.22531717e+03 4.30000000e+01]
 [1.22531717e+03 4.40000000e+01]
 [1.22531717e+03 4.50000000e+01]
 [1.22531717e+03 4.60000000e+01]
 [1.22531717e+03 4.70000000e+01]
 [1.26353436e+03 4.90000000e+01]
 [1.26353436e+03 5.00000000e+01]
 [1.26353436e+03 5.10000000e+01]
 [1.26353436e+03 5.20000000e+01]
 [1.26353436e+03 5.30000000e+01]
 [1.26353436e+03 5.40000000e+01]
 [1.26353436e+03 5.50000000e+01]
 [1.26353436e+03 5.60000000e+01]
 [1.26798558e+03 5.80000000e+01]
 [1.26798558e+03 5.90000000e+01]
 [1.26798558e+03 6.00000000e+01]
 [1.26798558e+03 6.10000000e+01]
 [1.26798558e+03 6.20000000e+01]
 [1.26864577e+03 6.40000000e+01]
 [1.27129423e+03 6.60000000e+01]
 [1.27543106e+03 6.80000000e+01]
 [1.27543106e+03 6.90000000e+01]
 [1.27970786e+03 7.10000000e+01]
 [1.27970786e+03 7.20000000e+01]
 [1.29062968e+03 7.40000000e+01]
 [1.29062968e+03 7.50000000e+01]
 [1.29062968e+03 7.60000000e+01]
 [1.29062968e+03 7.70000000e+01]
 [1.32200615e+03 7.90000000e+01]
 [1.33180088e+03 8.10000000e+01]
 [1.33180088e+03 8.20000000e+01]
 [1.33180088e+03 8.30000000e+01]
 [1.33180088e+03 8.40000000e+01]
 [1.33881457e+03 8.60000000e+01]
 [1.33910041e+03 8.80000000e+01]
 [1.34689357e+03 9.00000000e+01]
 [1.34689357e+03 9.10000000e+01]
 [1.34689357e+03 9.20000000e+01]
 [1.34990756e+03 9.40000000e+01]
 [1.34990756e+03 9.50000000e+01]
 [1.34990756e+03 9.60000000e+01]
 [1.34990756e+03 9.70000000e+01]
 [1.35395302e+03 9.90000000e+01]
 [1.35395302e+03 1.00000000e+02]
 [1.35395302e+03 1.01000000e+02]
 [1.35395302e+03 1.02000000e+02]
 [1.35395302e+03 1.03000000e+02]
 [1.35395302e+03 1.04000000e+02]
 [1.35395302e+03 1.05000000e+02]
 [1.35395302e+03 1.06000000e+02]
 [1.35448771e+03 1.08000000e+02]
 [1.35448771e+03 1.09000000e+02]
 [1.35448771e+03 1.10000000e+02]
 [1.35448771e+03 1.11000000e+02]
 [1.35448771e+03 1.12000000e+02]
 [1.35448771e+03 1.13000000e+02]
 [1.35448771e+03 1.14000000e+02]
 [1.35448771e+03 1.15000000e+02]
 [1.35448771e+03 1.16000000e+02]
 [1.35448771e+03 1.17000000e+02]
 [1.35448771e+03 1.18000000e+02]]"
5,TravellingSales,GENETIC,20,1376.5419680182858,0.6948566001374274,[13 17 16 18  1  3  5  8 19  2 11  7 14  4  0 15  9 12  6 10],"[[1212.5135922   402.        ]
 [1261.30658528  604.        ]
 [1261.30658528  805.        ]
 [1263.57426906 1007.        ]
 [1298.21823347 1209.        ]
 [1298.21823347 1410.        ]
 [1298.21823347 1611.        ]
 [1298.21823347 1812.        ]
 [1298.21823347 2013.        ]
 [1300.84152533 2215.        ]
 [1340.04041103 2417.        ]
 [1340.04041103 2618.        ]
 [1358.25815293 2820.        ]
 [1358.25815293 3021.        ]
 [1358.25815293 3222.        ]
 [1358.25815293 3423.        ]
 [1358.25815293 3624.        ]
 [1358.25815293 3825.        ]
 [1358.25815293 4026.        ]
 [1358.25815293 4227.        ]
 [1358.25815293 4428.        ]
 [1358.25815293 4629.        ]
 [1376.54196802 4831.        ]
 [1376.54196802 5032.        ]
 [1376.54196802 5233.        ]
 [1376.54196802 5434.        ]
 [1376.54196802 5635.        ]
 [1376.54196802 5836.        ]
 [1376.54196802 6037.        ]
 [1376.54196802 6238.        ]
 [1376.54196802 6439.        ]
 [1376.54196802 6640.        ]
 [1376.54196802 6841.        ]]"
6,TravellingSales,MIMIC,20,1304.3894075563383,4.683001599973068,[16 17  2 14  0 15 11  1  4  6 19  7 10  8 13  3  5 18  9 12],"[[1218.349313    402.        ]
 [1255.81748654  604.        ]
 [1257.58189668  806.        ]
 [1304.38940756 1008.        ]
 [1304.38940756 1209.        ]
 [1304.38940756 1410.        ]
 [1304.38940756 1611.        ]
 [1304.38940756 1812.        ]
 [1304.38940756 2013.        ]
 [1304.38940756 2214.        ]
 [1304.38940756 2415.        ]
 [1304.38940756 2616.        ]
 [1304.38940756 2817.        ]
 [1304.38940756 3018.        ]]"
7,TravellingSales,SIMANNEAL,20,1329.1339505152916,0.005268899956718087,[ 5 15  9  3 14  7 10  6 18  1  8 19 13  0 17 16 11 12  2  4],"[[1.00178175e+03 1.00000000e+00]
 [1.00178175e+03 2.00000000e+00]
 [1.00178175e+03 3.00000000e+00]
 [1.00178175e+03 4.00000000e+00]
 [1.00178175e+03 5.00000000e+00]
 [1.10179311e+03 7.00000000e+00]
 [1.10179311e+03 8.00000000e+00]
 [1.10179311e+03 9.00000000e+00]
 [1.10179311e+03 1.00000000e+01]
 [1.10179311e+03 1.10000000e+01]
 [1.12323822e+03 1.30000000e+01]
 [1.12488572e+03 1.50000000e+01]
 [1.12488572e+03 1.60000000e+01]
 [1.12488572e+03 1.70000000e+01]
 [1.12488572e+03 1.80000000e+01]
 [1.12488572e+03 1.90000000e+01]
 [1.12488572e+03 2.00000000e+01]
 [1.13898350e+03 2.20000000e+01]
 [1.15344265e+03 2.40000000e+01]
 [1.15344265e+03 2.50000000e+01]
 [1.17077358e+03 2.70000000e+01]
 [1.17077358e+03 2.80000000e+01]
 [1.17077358e+03 2.90000000e+01]
 [1.17077358e+03 3.00000000e+01]
 [1.24058982e+03 3.20000000e+01]
 [1.26566010e+03 3.40000000e+01]
 [1.26566010e+03 3.50000000e+01]
 [1.26566010e+03 3.60000000e+01]
 [1.26566010e+03 3.70000000e+01]
 [1.26566010e+03 3.80000000e+01]
 [1.26566010e+03 3.90000000e+01]
 [1.26566010e+03 4.00000000e+01]
 [1.26566010e+03 4.10000000e+01]
 [1.26566010e+03 4.20000000e+01]
 [1.26566010e+03 4.30000000e+01]
 [1.27845020e+03 4.50000000e+01]
 [1.28191805e+03 4.70000000e+01]
 [1.28191805e+03 4.80000000e+01]
 [1.28191805e+03 4.90000000e+01]
 [1.28191805e+03 5.00000000e+01]
 [1.28191805e+03 5.10000000e+01]
 [1.28191805e+03 5.20000000e+01]
 [1.28191805e+03 5.30000000e+01]
 [1.28321654e+03 5.50000000e+01]
 [1.28321654e+03 5.60000000e+01]
 [1.28321654e+03 5.70000000e+01]
 [1.29978630e+03 5.90000000e+01]
 [1.29978630e+03 6.00000000e+01]
 [1.29978630e+03 6.10000000e+01]
 [1.29978630e+03 6.20000000e+01]
 [1.29978630e+03 6.30000000e+01]
 [1.31320072e+03 6.50000000e+01]
 [1.31320072e+03 6.60000000e+01]
 [1.31320072e+03 6.70000000e+01]
 [1.31320072e+03 6.80000000e+01]
 [1.32333094e+03 7.00000000e+01]
 [1.32333094e+03 7.10000000e+01]
 [1.32333094e+03 7.20000000e+01]
 [1.32333094e+03 7.30000000e+01]
 [1.32333094e+03 7.40000000e+01]
 [1.32333094e+03 7.50000000e+01]
 [1.32565907e+03 7.70000000e+01]
 [1.32808496e+03 7.90000000e+01]
 [1.32808496e+03 8.00000000e+01]
 [1.32808496e+03 8.10000000e+01]
 [1.32808496e+03 8.20000000e+01]
 [1.32808496e+03 8.30000000e+01]
 [1.32808496e+03 8.40000000e+01]
 [1.32913395e+03 8.60000000e+01]
 [1.32913395e+03 8.70000000e+01]
 [1.32913395e+03 8.80000000e+01]
 [1.32913395e+03 8.90000000e+01]
 [1.32913395e+03 9.00000000e+01]
 [1.32913395e+03 9.10000000e+01]
 [1.32913395e+03 9.20000000e+01]
 [1.32913395e+03 9.30000000e+01]
 [1.32913395e+03 9.40000000e+01]
 [1.32913395e+03 9.50000000e+01]
 [1.32913395e+03 9.60000000e+01]]"
8,TravellingSales,RHC,30,2298.1093633966743,0.00347020011395216,"[23 14 21 16  5 25 19 27 24 20 17  8 10  2  9 22  0 28 11 12  7  4 18 13
 26  3  6  1 29 15]","[[1.96337140e+03 1.00000000e+00]
 [1.96654204e+03 3.00000000e+00]
 [1.97679834e+03 5.00000000e+00]
 [1.97679834e+03 6.00000000e+00]
 [1.97679834e+03 7.00000000e+00]
 [1.97679834e+03 8.00000000e+00]
 [1.97679834e+03 9.00000000e+00]
 [1.97679834e+03 1.00000000e+01]
 [1.99281848e+03 1.20000000e+01]
 [2.04309497e+03 1.40000000e+01]
 [2.07751831e+03 1.60000000e+01]
 [2.08195345e+03 1.80000000e+01]
 [2.08195345e+03 1.90000000e+01]
 [2.17048099e+03 2.10000000e+01]
 [2.17048099e+03 2.20000000e+01]
 [2.17048099e+03 2.30000000e+01]
 [2.17048099e+03 2.40000000e+01]
 [2.17048099e+03 2.50000000e+01]
 [2.17048099e+03 2.60000000e+01]
 [2.17048099e+03 2.70000000e+01]
 [2.17048099e+03 2.80000000e+01]
 [2.17082060e+03 3.00000000e+01]
 [2.17082060e+03 3.10000000e+01]
 [2.17082060e+03 3.20000000e+01]
 [2.17082060e+03 3.30000000e+01]
 [2.17082060e+03 3.40000000e+01]
 [2.18237502e+03 3.60000000e+01]
 [2.18237502e+03 3.70000000e+01]
 [2.18237502e+03 3.80000000e+01]
 [2.18237502e+03 3.90000000e+01]
 [2.18237502e+03 4.00000000e+01]
 [2.18329895e+03 4.20000000e+01]
 [2.18807826e+03 4.40000000e+01]
 [2.18807826e+03 4.50000000e+01]
 [2.18807826e+03 4.60000000e+01]
 [2.19066774e+03 4.80000000e+01]
 [2.23584757e+03 5.00000000e+01]
 [2.23584757e+03 5.10000000e+01]
 [2.23584757e+03 5.20000000e+01]
 [2.23584757e+03 5.30000000e+01]
 [2.23584757e+03 5.40000000e+01]
 [2.29810936e+03 5.60000000e+01]
 [2.29810936e+03 5.70000000e+01]
 [2.29810936e+03 5.80000000e+01]
 [2.29810936e+03 5.90000000e+01]
 [2.29810936e+03 6.00000000e+01]
 [2.29810936e+03 6.10000000e+01]
 [2.29810936e+03 6.20000000e+01]
 [2.29810936e+03 6.30000000e+01]
 [2.29810936e+03 6.40000000e+01]
 [2.29810936e+03 6.50000000e+01]
 [2.29810936e+03 6.60000000e+01]]"
9,TravellingSales,GENETIC,30,2383.959215686069,1.163142500212416,"[13 12  4  0 22 11 27 10 15  8 26  1 19 24 20 17  9  3 29 28  7  2  5 16
 21 18 23 14 25  6]","[[2100.04917145  402.        ]
 [2100.04917145  603.        ]
 [2104.22627033  805.        ]
 [2138.58256755 1007.        ]
 [2150.97904091 1209.        ]
 [2150.97904091 1410.        ]
 [2173.96407633 1612.        ]
 [2173.96407633 1813.        ]
 [2185.38625904 2015.        ]
 [2185.38625904 2216.        ]
 [2203.91910711 2418.        ]
 [2247.92229084 2620.        ]
 [2247.92229084 2821.        ]
 [2247.92229084 3022.        ]
 [2247.92229084 3223.        ]
 [2247.92229084 3424.        ]
 [2262.49135528 3626.        ]
 [2262.49135528 3827.        ]
 [2274.96564981 4029.        ]
 [2309.4875329  4231.        ]
 [2309.4875329  4432.        ]
 [2309.4875329  4633.        ]
 [2309.4875329  4834.        ]
 [2309.4875329  5035.        ]
 [2309.4875329  5236.        ]
 [2320.68599451 5438.        ]
 [2320.68599451 5639.        ]
 [2332.14825716 5841.        ]
 [2332.14825716 6042.        ]
 [2336.60998381 6244.        ]
 [2361.33363043 6446.        ]
 [2361.33363043 6647.        ]
 [2361.33363043 6848.        ]
 [2361.33363043 7049.        ]
 [2383.95921569 7251.        ]
 [2383.95921569 7452.        ]
 [2383.95921569 7653.        ]
 [2383.95921569 7854.        ]
 [2383.95921569 8055.        ]
 [2383.95921569 8256.        ]
 [2383.95921569 8457.        ]
 [2383.95921569 8658.        ]
 [2383.95921569 8859.        ]
 [2383.95921569 9060.        ]
 [2383.95921569 9261.        ]]"
10,TravellingSales,MIMIC,30,2136.7616144422673,5.180186799960211,"[12 26  4  6  1  0 23 11  3  8 18 25 14 22  5 15 10  2  9 28 29 13 16 20
 17 19 27 21  7 24]","[[2100.04917145  402.        ]
 [2136.76161444  604.        ]
 [2136.76161444  805.        ]
 [2136.76161444 1006.        ]
 [2136.76161444 1207.        ]
 [2136.76161444 1408.        ]
 [2136.76161444 1609.        ]
 [2136.76161444 1810.        ]
 [2136.76161444 2011.        ]
 [2136.76161444 2212.        ]
 [2136.76161444 2413.        ]
 [2136.76161444 2614.        ]]"
11,TravellingSales,SIMANNEAL,30,2142.9623935610125,0.0027834998909384012,"[ 0 18 21 26  5 23 19 27 24  9 28 10  2  8 11  3 16  1 20 12  7  4 25 13
 14 22  6 17 29 15]","[[1.96337140e+03 1.00000000e+00]
 [1.96337140e+03 2.00000000e+00]
 [1.96337140e+03 3.00000000e+00]
 [1.96424102e+03 5.00000000e+00]
 [1.96424102e+03 6.00000000e+00]
 [1.96424102e+03 7.00000000e+00]
 [1.96546843e+03 9.00000000e+00]
 [1.96546843e+03 1.00000000e+01]
 [1.96546843e+03 1.10000000e+01]
 [2.02093153e+03 1.30000000e+01]
 [2.02536667e+03 1.50000000e+01]
 [2.02536667e+03 1.60000000e+01]
 [2.03736821e+03 1.80000000e+01]
 [2.03736821e+03 1.90000000e+01]
 [2.03736821e+03 2.00000000e+01]
 [2.08180379e+03 2.20000000e+01]
 [2.14296239e+03 2.40000000e+01]
 [2.14296239e+03 2.50000000e+01]
 [2.14296239e+03 2.60000000e+01]
 [2.14296239e+03 2.70000000e+01]
 [2.14296239e+03 2.80000000e+01]
 [2.14296239e+03 2.90000000e+01]
 [2.14296239e+03 3.00000000e+01]
 [2.14296239e+03 3.10000000e+01]
 [2.14296239e+03 3.20000000e+01]
 [2.14296239e+03 3.30000000e+01]
 [2.14296239e+03 3.40000000e+01]]"
12,TravellingSales,RHC,40,2614.5309276733506,0.007867999840527773,"[22 19 16 35  3 32  0 37  8 21 12 25 39 36 24 18  2  5 34  6 29 28 23 33
 26 20 10 14 13 17 31  1  7 38 27 11  4  9 30 15]","[[2.32108153e+03 2.00000000e+00]
 [2.32108153e+03 3.00000000e+00]
 [2.32108153e+03 4.00000000e+00]
 [2.32108153e+03 5.00000000e+00]
 [2.32662377e+03 7.00000000e+00]
 [2.32738900e+03 9.00000000e+00]
 [2.34824532e+03 1.10000000e+01]
 [2.35799765e+03 1.30000000e+01]
 [2.35799765e+03 1.40000000e+01]
 [2.35799765e+03 1.50000000e+01]
 [2.35995066e+03 1.70000000e+01]
 [2.35995066e+03 1.80000000e+01]
 [2.35995066e+03 1.90000000e+01]
 [2.35995066e+03 2.00000000e+01]
 [2.41283917e+03 2.20000000e+01]
 [2.41283917e+03 2.30000000e+01]
 [2.41283917e+03 2.40000000e+01]
 [2.41283917e+03 2.50000000e+01]
 [2.42929913e+03 2.70000000e+01]
 [2.42929913e+03 2.80000000e+01]
 [2.42929913e+03 2.90000000e+01]
 [2.42929913e+03 3.00000000e+01]
 [2.42929913e+03 3.10000000e+01]
 [2.42929913e+03 3.20000000e+01]
 [2.42929913e+03 3.30000000e+01]
 [2.42929913e+03 3.40000000e+01]
 [2.43609369e+03 3.60000000e+01]
 [2.43609369e+03 3.70000000e+01]
 [2.49183959e+03 3.90000000e+01]
 [2.49680653e+03 4.10000000e+01]
 [2.49680653e+03 4.20000000e+01]
 [2.49680653e+03 4.30000000e+01]
 [2.55616055e+03 4.50000000e+01]
 [2.55616055e+03 4.60000000e+01]
 [2.56494599e+03 4.80000000e+01]
 [2.56494599e+03 4.90000000e+01]
 [2.59598446e+03 5.10000000e+01]
 [2.59598446e+03 5.20000000e+01]
 [2.59598446e+03 5.30000000e+01]
 [2.59598446e+03 5.40000000e+01]
 [2.59598446e+03 5.50000000e+01]
 [2.59598446e+03 5.60000000e+01]
 [2.61453093e+03 5.80000000e+01]
 [2.61453093e+03 5.90000000e+01]
 [2.61453093e+03 6.00000000e+01]
 [2.61453093e+03 6.10000000e+01]
 [2.61453093e+03 6.20000000e+01]
 [2.61453093e+03 6.30000000e+01]
 [2.61453093e+03 6.40000000e+01]
 [2.61453093e+03 6.50000000e+01]
 [2.61453093e+03 6.60000000e+01]
 [2.61453093e+03 6.70000000e+01]
 [2.61453093e+03 6.80000000e+01]]"
13,TravellingSales,GENETIC,40,3005.5311792955017,1.2428863001987338,"[34 29 26  4  6 18 16 23 20 10 24  0 19  7  8 38 17 31  1  5  3 12 21 35
 14 27 22 36 28 11 39 25  2 15 30 13 37 33 32  9]","[[2775.58803922  402.        ]
 [2775.58803922  603.        ]
 [2775.58803922  804.        ]
 [2775.58803922 1005.        ]
 [2775.58803922 1206.        ]
 [2777.22494405 1408.        ]
 [2777.22494405 1609.        ]
 [2869.43848107 1811.        ]
 [2891.01562798 2013.        ]
 [2892.64865559 2215.        ]
 [2892.64865559 2416.        ]
 [2892.64865559 2617.        ]
 [2892.64865559 2818.        ]
 [2892.64865559 3019.        ]
 [2892.64865559 3220.        ]
 [2892.64865559 3421.        ]
 [2892.64865559 3622.        ]
 [2914.71851343 3824.        ]
 [2919.70901073 4026.        ]
 [2945.78046256 4228.        ]
 [3005.5311793  4430.        ]
 [3005.5311793  4631.        ]
 [3005.5311793  4832.        ]
 [3005.5311793  5033.        ]
 [3005.5311793  5234.        ]
 [3005.5311793  5435.        ]
 [3005.5311793  5636.        ]
 [3005.5311793  5837.        ]
 [3005.5311793  6038.        ]
 [3005.5311793  6239.        ]
 [3005.5311793  6440.        ]]"
14,TravellingSales,MIMIC,40,2702.035215670231,7.2464048999827355,"[28 22 11 18 21 36 20  5 19 23 29 27  1 25 37 35 14 38  8 34 26 33  7 16
  6 12  0 32  3 17  9 13 39  4  2 10 24 31 30 15]","[[2702.03521567  402.        ]
 [2702.03521567  603.        ]
 [2702.03521567  804.        ]
 [2702.03521567 1005.        ]
 [2702.03521567 1206.        ]
 [2702.03521567 1407.        ]
 [2702.03521567 1608.        ]
 [2702.03521567 1809.        ]
 [2702.03521567 2010.        ]
 [2702.03521567 2211.        ]
 [2702.03521567 2412.        ]]"
15,TravellingSales,SIMANNEAL,40,2861.307770471339,0.005381099879741669,"[17 26 33 23  5  9 34  8 27 21 20 29 39 36 10 18  2  6 15  1 31 28 25 38
  3 16  0 14 32 35 37 12  7 19  4 11 24 30 22 13]","[[2.32108153e+03 2.00000000e+00]
 [2.32108153e+03 3.00000000e+00]
 [2.32108153e+03 4.00000000e+00]
 [2.34226933e+03 6.00000000e+00]
 [2.34781157e+03 8.00000000e+00]
 [2.34737554e+03 1.00000000e+01]
 [2.35664929e+03 1.20000000e+01]
 [2.35664929e+03 1.30000000e+01]
 [2.38754161e+03 1.50000000e+01]
 [2.38754161e+03 1.60000000e+01]
 [2.38754161e+03 1.70000000e+01]
 [2.39543104e+03 1.90000000e+01]
 [2.39543104e+03 2.00000000e+01]
 [2.39543104e+03 2.10000000e+01]
 [2.39543104e+03 2.20000000e+01]
 [2.39543104e+03 2.30000000e+01]
 [2.42585061e+03 2.50000000e+01]
 [2.42585061e+03 2.60000000e+01]
 [2.43938600e+03 2.80000000e+01]
 [2.44102496e+03 3.00000000e+01]
 [2.44102496e+03 3.10000000e+01]
 [2.44102496e+03 3.20000000e+01]
 [2.47502770e+03 3.40000000e+01]
 [2.47502770e+03 3.50000000e+01]
 [2.48689221e+03 3.70000000e+01]
 [2.48689221e+03 3.80000000e+01]
 [2.48689221e+03 3.90000000e+01]
 [2.48689221e+03 4.00000000e+01]
 [2.48689221e+03 4.10000000e+01]
 [2.50083003e+03 4.30000000e+01]
 [2.55058677e+03 4.50000000e+01]
 [2.56107114e+03 4.70000000e+01]
 [2.56107114e+03 4.80000000e+01]
 [2.56734257e+03 5.00000000e+01]
 [2.56734257e+03 5.10000000e+01]
 [2.60192458e+03 5.30000000e+01]
 [2.60192458e+03 5.40000000e+01]
 [2.60192458e+03 5.50000000e+01]
 [2.66809749e+03 5.70000000e+01]
 [2.66809749e+03 5.80000000e+01]
 [2.66809749e+03 5.90000000e+01]
 [2.66809749e+03 6.00000000e+01]
 [2.66809749e+03 6.10000000e+01]
 [2.66809749e+03 6.20000000e+01]
 [2.66809749e+03 6.30000000e+01]
 [2.74629548e+03 6.50000000e+01]
 [2.76600893e+03 6.70000000e+01]
 [2.78491789e+03 6.90000000e+01]
 [2.85115988e+03 7.10000000e+01]
 [2.85291332e+03 7.30000000e+01]
 [2.85291332e+03 7.40000000e+01]
 [2.85291332e+03 7.50000000e+01]
 [2.86130777e+03 7.70000000e+01]
 [2.86130777e+03 7.80000000e+01]
 [2.86130777e+03 7.90000000e+01]
 [2.86130777e+03 8.00000000e+01]
 [2.86130777e+03 8.10000000e+01]
 [2.86130777e+03 8.20000000e+01]
 [2.86130777e+03 8.30000000e+01]
 [2.86130777e+03 8.40000000e+01]
 [2.86130777e+03 8.50000000e+01]
 [2.86130777e+03 8.60000000e+01]
 [2.86130777e+03 8.70000000e+01]]"
16,TravellingSales,RHC,50,3252.0748518494656,0.006177600007504225,"[ 2  7 21  0 19 15 12 11 48  6  9 18 34 37 23  8 28 41 31 16 43 24 42 30
  5 13 14 36 45 38 32 33 27 35 44 46 10 17  1 40 20 39  4 49  3 25 47 29
 26 22]","[[2.60151082e+03 1.00000000e+00]
 [2.60151082e+03 2.00000000e+00]
 [2.61722745e+03 4.00000000e+00]
 [2.61722745e+03 5.00000000e+00]
 [2.61722745e+03 6.00000000e+00]
 [2.61722745e+03 7.00000000e+00]
 [2.61722745e+03 8.00000000e+00]
 [2.64264461e+03 1.00000000e+01]
 [2.64264461e+03 1.10000000e+01]
 [2.64264461e+03 1.20000000e+01]
 [2.67061133e+03 1.40000000e+01]
 [2.67061133e+03 1.50000000e+01]
 [2.67061133e+03 1.60000000e+01]
 [2.71513797e+03 1.80000000e+01]
 [2.83144219e+03 2.00000000e+01]
 [2.83144219e+03 2.10000000e+01]
 [2.92424158e+03 2.30000000e+01]
 [2.92424158e+03 2.40000000e+01]
 [2.92424158e+03 2.50000000e+01]
 [2.92424158e+03 2.60000000e+01]
 [2.92424158e+03 2.70000000e+01]
 [2.92424158e+03 2.80000000e+01]
 [2.92424158e+03 2.90000000e+01]
 [2.95899105e+03 3.10000000e+01]
 [2.95899105e+03 3.20000000e+01]
 [2.95899105e+03 3.30000000e+01]
 [2.95899105e+03 3.40000000e+01]
 [2.95899105e+03 3.50000000e+01]
 [2.97856543e+03 3.70000000e+01]
 [2.97856543e+03 3.80000000e+01]
 [2.97856543e+03 3.90000000e+01]
 [2.97856543e+03 4.00000000e+01]
 [2.97856543e+03 4.10000000e+01]
 [2.97856543e+03 4.20000000e+01]
 [2.97856543e+03 4.30000000e+01]
 [2.97856543e+03 4.40000000e+01]
 [2.97856543e+03 4.50000000e+01]
 [2.97856543e+03 4.60000000e+01]
 [3.01403922e+03 4.80000000e+01]
 [3.01403922e+03 4.90000000e+01]
 [3.01403922e+03 5.00000000e+01]
 [3.01403922e+03 5.10000000e+01]
 [3.05962662e+03 5.30000000e+01]
 [3.05962662e+03 5.40000000e+01]
 [3.05962662e+03 5.50000000e+01]
 [3.05962662e+03 5.60000000e+01]
 [3.05962662e+03 5.70000000e+01]
 [3.05962662e+03 5.80000000e+01]
 [3.05962662e+03 5.90000000e+01]
 [3.05962662e+03 6.00000000e+01]
 [3.07548228e+03 6.20000000e+01]
 [3.07548228e+03 6.30000000e+01]
 [3.07548228e+03 6.40000000e+01]
 [3.07548228e+03 6.50000000e+01]
 [3.07548228e+03 6.60000000e+01]
 [3.07548228e+03 6.70000000e+01]
 [3.07548228e+03 6.80000000e+01]
 [3.07548228e+03 6.90000000e+01]
 [3.07548228e+03 7.00000000e+01]
 [3.11544609e+03 7.20000000e+01]
 [3.11544609e+03 7.30000000e+01]
 [3.11544609e+03 7.40000000e+01]
 [3.11544609e+03 7.50000000e+01]
 [3.11544609e+03 7.60000000e+01]
 [3.17950482e+03 7.80000000e+01]
 [3.17950482e+03 7.90000000e+01]
 [3.18034435e+03 8.10000000e+01]
 [3.18034435e+03 8.20000000e+01]
 [3.18034435e+03 8.30000000e+01]
 [3.18034435e+03 8.40000000e+01]
 [3.19080137e+03 8.60000000e+01]
 [3.19080137e+03 8.70000000e+01]
 [3.19080137e+03 8.80000000e+01]
 [3.19080137e+03 8.90000000e+01]
 [3.19080137e+03 9.00000000e+01]
 [3.24619832e+03 9.20000000e+01]
 [3.24728613e+03 9.40000000e+01]
 [3.24728613e+03 9.50000000e+01]
 [3.24728613e+03 9.60000000e+01]
 [3.24728613e+03 9.70000000e+01]
 [3.24728613e+03 9.80000000e+01]
 [3.24728613e+03 9.90000000e+01]
 [3.24728613e+03 1.00000000e+02]
 [3.24728613e+03 1.01000000e+02]
 [3.25207485e+03 1.03000000e+02]
 [3.25207485e+03 1.04000000e+02]
 [3.25207485e+03 1.05000000e+02]
 [3.25207485e+03 1.06000000e+02]
 [3.25207485e+03 1.07000000e+02]
 [3.25207485e+03 1.08000000e+02]
 [3.25207485e+03 1.09000000e+02]
 [3.25207485e+03 1.10000000e+02]
 [3.25207485e+03 1.11000000e+02]
 [3.25207485e+03 1.12000000e+02]
 [3.25207485e+03 1.13000000e+02]]"
17,TravellingSales,GENETIC,50,3330.371770831424,0.5853010001592338,"[ 0 39 25  7 31 21 40  8 45 36 41 20 12 47  1  5 23 30 15 24 26 35 34 43
 19 16 44 22 18 46 38  4 37 33 10  9 48 49 28 27 32 17  2 42  3 13 11 29
 14  6]","[[3066.17591945  402.        ]
 [3154.00762084  604.        ]
 [3264.02236195  806.        ]
 [3264.02236195 1007.        ]
 [3330.37177083 1209.        ]
 [3330.37177083 1410.        ]
 [3330.37177083 1611.        ]
 [3330.37177083 1812.        ]
 [3330.37177083 2013.        ]
 [3330.37177083 2214.        ]
 [3330.37177083 2415.        ]
 [3330.37177083 2616.        ]
 [3330.37177083 2817.        ]
 [3330.37177083 3018.        ]
 [3330.37177083 3219.        ]]"
18,TravellingSales,MIMIC,50,3048.0567723050203,9.739086100133136,"[14  5 34 19  7 20 35  9  3 21 27 44 13 18 12 16 24 43 22 15 32  0  4 31
 29 42 47  8 41 25 17  1  6 39 23 45 48 10 11 36 26  2 28 40 33 49 46 38
 30 37]","[[3048.05677231  402.        ]
 [3048.05677231  603.        ]
 [3048.05677231  804.        ]
 [3048.05677231 1005.        ]
 [3048.05677231 1206.        ]
 [3048.05677231 1407.        ]
 [3048.05677231 1608.        ]
 [3048.05677231 1809.        ]
 [3048.05677231 2010.        ]
 [3048.05677231 2211.        ]
 [3048.05677231 2412.        ]]"
19,TravellingSales,SIMANNEAL,50,3166.889567123867,0.00413680006749928,"[44 16 32  7 19 15 43 23 10 29  9  4 35 37 11  8 28 12 27 40 33 24 18 46
  5 13 14 36 41 38 21 25  2  3 49 34 48 17 22 42 20 39  0 31 30 45  1  6
 26 47]","[[2.60151082e+03 1.00000000e+00]
 [2.60151082e+03 2.00000000e+00]
 [2.67153124e+03 4.00000000e+00]
 [2.67616444e+03 6.00000000e+00]
 [2.69108139e+03 8.00000000e+00]
 [2.70464309e+03 1.00000000e+01]
 [2.70464309e+03 1.10000000e+01]
 [2.73432953e+03 1.30000000e+01]
 [2.73432953e+03 1.40000000e+01]
 [2.73733848e+03 1.60000000e+01]
 [2.73605461e+03 1.80000000e+01]
 [2.73605461e+03 1.90000000e+01]
 [2.76343760e+03 2.10000000e+01]
 [2.83433201e+03 2.30000000e+01]
 [2.88346437e+03 2.50000000e+01]
 [2.89779800e+03 2.70000000e+01]
 [2.94972374e+03 2.90000000e+01]
 [2.94972374e+03 3.00000000e+01]
 [2.94972374e+03 3.10000000e+01]
 [2.94972374e+03 3.20000000e+01]
 [2.99835117e+03 3.40000000e+01]
 [3.06514256e+03 3.60000000e+01]
 [3.06514256e+03 3.70000000e+01]
 [3.06514256e+03 3.80000000e+01]
 [3.06514256e+03 3.90000000e+01]
 [3.11887293e+03 4.10000000e+01]
 [3.16487806e+03 4.30000000e+01]
 [3.16487806e+03 4.40000000e+01]
 [3.16487806e+03 4.50000000e+01]
 [3.16688957e+03 4.70000000e+01]
 [3.16688957e+03 4.80000000e+01]
 [3.16688957e+03 4.90000000e+01]
 [3.16688957e+03 5.00000000e+01]
 [3.16688957e+03 5.10000000e+01]
 [3.16688957e+03 5.20000000e+01]
 [3.16688957e+03 5.30000000e+01]
 [3.16688957e+03 5.40000000e+01]
 [3.16688957e+03 5.50000000e+01]
 [3.16688957e+03 5.60000000e+01]
 [3.16688957e+03 5.70000000e+01]]"
